{"stats":{"minecraft:mined":{"minecraft:oak_log":6},"minecraft:picked_up":{"minecraft:oak_log":6},"minecraft:killed_by":{"minecraft:zombie":2},"minecraft:custom":{"minecraft:jump":208,"minecraft:time_since_rest":3758,"minecraft:damage_taken":476,"minecraft:leave_game":3,"minecraft:time_since_death":2688,"minecraft:crouch_one_cm":19,"minecraft:play_time":18445,"minecraft:sprint_one_cm":18909,"minecraft:walk_one_cm":14231,"minecraft:deaths":2,"minecraft:sneak_time":52,"minecraft:total_world_time":18445,"minecraft:fall_one_cm":3611,"minecraft:fly_one_cm":63567}},"DataVersion":3955}