{"stats":{"minecraft:crafted":{"minecraft:wooden_sword":1,"biomesoplenty:jacaranda_planks":40,"minecraft:crafting_table":1,"minecraft:stick":32,"minecraft:wooden_pickaxe":1,"minecraft:wooden_axe":1},"minecraft:picked_up":{"minecraft:crafting_table":1,"biomesoplenty:lavender":10,"minecraft:stick":32,"biomesoplenty:jacaranda_log":11,"minecraft:dirt":19},"minecraft:killed_by":{"minecraft:skeleton":1,"minecraft:creeper":2},"minecraft:mined":{"minecraft:short_grass":1,"biomesoplenty:jacaranda_leaves":1,"biomesoplenty:jacaranda_log":10,"biomesoplenty:lavender":1,"minecraft:crafting_table":1},"minecraft:custom":{"minecraft:time_since_rest":3003,"minecraft:walk_one_cm":12169,"minecraft:play_time":8434,"minecraft:sprint_one_cm":11712,"minecraft:damage_taken":975,"minecraft:deaths":3,"minecraft:jump":144,"minecraft:time_since_death":2959,"minecraft:total_world_time":8434,"minecraft:interact_with_crafting_table":2,"minecraft:fall_one_cm":3028,"minecraft:fly_one_cm":16553},"minecraft:used":{"minecraft:wooden_axe":1,"minecraft:crafting_table":1}},"DataVersion":3955}