{"stats":{"minecraft:killed_by":{"minecraft:skeleton":1,"minecraft:creeper":2},"minecraft:crafted":{"minecraft:wooden_sword":1,"biomesoplenty:jacaranda_planks":40,"minecraft:crafting_table":1,"minecraft:stick":32,"minecraft:wooden_pickaxe":1,"minecraft:stone_pickaxe":2,"minecraft:wooden_axe":1,"minecraft:stone_sword":1,"minecraft:torch":32,"minecraft:stone_axe":1},"minecraft:mined":{"biomesoplenty:jacaranda_leaves":1,"biomesoplenty:jacaranda_log":10,"biomesoplenty:tall_lavender":1,"minecraft:iron_ore":27,"biomesoplenty:lavender":3,"minecraft:crafting_table":3,"minecraft:short_grass":1,"minecraft:grass_block":1,"minecraft:oak_log":5,"minecraft:coal_ore":85,"minecraft:dirt":2,"biomesoplenty:barley":3,"minecraft:stone":53,"minecraft:wall_torch":2},"minecraft:dropped":{"minecraft:stone_axe":1,"biomesoplenty:lavender":36,"biomesoplenty:tall_lavender":3},"minecraft:used":{"minecraft:oak_log":5,"minecraft:stone_sword":1,"minecraft:stone_pickaxe":141,"minecraft:wooden_pickaxe":27,"minecraft:torch":2,"minecraft:stone_axe":2,"minecraft:cobblestone":2,"minecraft:dirt":17,"minecraft:crafting_table":3,"minecraft:wooden_axe":10},"minecraft:picked_up":{"minecraft:wooden_axe":1,"biomesoplenty:lavender":36,"minecraft:crafting_table":4,"minecraft:stick":32,"minecraft:raw_iron":33,"minecraft:torch":2,"minecraft:oak_log":5,"minecraft:dirt":22,"minecraft:wooden_sword":1,"biomesoplenty:tall_lavender":3,"minecraft:stone_sword":1,"biomesoplenty:jacaranda_log":11,"minecraft:stone_axe":1,"minecraft:stone_pickaxe":2,"minecraft:coal":159,"minecraft:cobblestone":85},"minecraft:custom":{"minecraft:time_since_rest":6659,"minecraft:damage_taken":1355,"minecraft:sprint_one_cm":33442,"minecraft:walk_one_cm":46197,"minecraft:drop":29,"minecraft:damage_dealt":50,"minecraft:swim_one_cm":4180,"minecraft:interact_with_crafting_table":6,"minecraft:fly_one_cm":46373,"minecraft:play_time":27932,"minecraft:deaths":4,"minecraft:walk_under_water_one_cm":7822,"minecraft:boat_one_cm":14100,"minecraft:jump":344,"minecraft:leave_game":8,"minecraft:time_since_death":6634,"minecraft:walk_on_water_one_cm":7814,"minecraft:total_world_time":27932,"minecraft:fall_one_cm":11357}},"DataVersion":3955}