{"stats":{"minecraft:killed_by":{"minecraft:skeleton":1,"minecraft:creeper":2},"minecraft:crafted":{"minecraft:wooden_sword":1,"biomesoplenty:jacaranda_planks":40,"minecraft:crafting_table":1,"minecraft:stick":32,"minecraft:wooden_pickaxe":1,"minecraft:stone_pickaxe":2,"minecraft:wooden_axe":1,"minecraft:stone_sword":1,"minecraft:torch":32,"minecraft:stone_axe":1},"minecraft:mined":{"biomesoplenty:jacaranda_leaves":1,"biomesoplenty:jacaranda_log":10,"biomesoplenty:tall_lavender":1,"minecraft:iron_ore":6,"biomesoplenty:lavender":3,"minecraft:crafting_table":3,"minecraft:short_grass":1,"minecraft:coal_ore":84,"minecraft:grass_block":1,"minecraft:oak_log":5,"minecraft:dirt":2,"biomesoplenty:barley":2,"minecraft:stone":46,"minecraft:wall_torch":2},"minecraft:dropped":{"minecraft:stone_axe":1,"biomesoplenty:lavender":36,"biomesoplenty:tall_lavender":3},"minecraft:used":{"minecraft:oak_log":5,"minecraft:stone_sword":1,"minecraft:stone_pickaxe":111,"minecraft:wooden_pickaxe":27,"minecraft:torch":2,"minecraft:stone_axe":2,"minecraft:dirt":17,"minecraft:crafting_table":3,"minecraft:wooden_axe":10},"minecraft:picked_up":{"minecraft:wooden_axe":1,"biomesoplenty:lavender":36,"minecraft:crafting_table":4,"minecraft:stick":32,"minecraft:raw_iron":12,"minecraft:torch":2,"minecraft:oak_log":5,"minecraft:dirt":22,"minecraft:wooden_sword":1,"biomesoplenty:tall_lavender":3,"minecraft:stone_sword":1,"biomesoplenty:jacaranda_log":11,"minecraft:stone_axe":1,"minecraft:stone_pickaxe":2,"minecraft:coal":158,"minecraft:cobblestone":81},"minecraft:custom":{"minecraft:time_since_rest":1497,"minecraft:damage_taken":1275,"minecraft:sprint_one_cm":24201,"minecraft:walk_one_cm":39737,"minecraft:drop":29,"minecraft:damage_dealt":50,"minecraft:swim_one_cm":4180,"minecraft:interact_with_crafting_table":6,"minecraft:fly_one_cm":37874,"minecraft:play_time":22770,"minecraft:deaths":4,"minecraft:walk_under_water_one_cm":2238,"minecraft:jump":273,"minecraft:leave_game":2,"minecraft:time_since_death":1472,"minecraft:walk_on_water_one_cm":4821,"minecraft:total_world_time":22770,"minecraft:fall_one_cm":10521}},"DataVersion":3955}