{"stats":{"minecraft:dropped":{"minecraft:wheat_seeds":1,"biomesoplenty:lavender":13,"minecraft:stick":2,"minecraft:spider_eye":1,"minecraft:wooden_pickaxe":2,"minecraft:string":2,"biomesoplenty:tall_lavender":1,"minecraft:bone":4},"minecraft:crafted":{"minecraft:oak_planks":8,"minecraft:stone_shovel":1,"biomesoplenty:jacaranda_planks":8,"minecraft:crafting_table":1,"minecraft:wooden_pickaxe":1,"minecraft:stone_axe":1,"minecraft:stick":12,"minecraft:stone_pickaxe":1,"minecraft:stone_sword":1,"minecraft:white_bed":1,"minecraft:torch":8},"minecraft:picked_up":{"biomesoplenty:lavender":17,"minecraft:crafting_table":6,"minecraft:leather":4,"minecraft:wooden_pickaxe":1,"minecraft:oak_log":176,"biomesoplenty:jacaranda_planks":9,"minecraft:dirt":2,"minecraft:string":5,"biomesoplenty:tall_lavender":1,"minecraft:bone":4,"minecraft:wheat_seeds":3,"minecraft:beef":7,"minecraft:stone_pickaxe":4,"minecraft:stick":14,"minecraft:raw_iron":16,"minecraft:torch":7,"minecraft:porkchop":3,"minecraft:white_bed":1,"minecraft:spider_eye":1,"minecraft:stone_sword":2,"minecraft:arrow":8,"minecraft:stone_shovel":4,"biomesoplenty:jacaranda_log":21,"minecraft:stone_axe":4,"minecraft:mutton":12,"minecraft:coal":45,"minecraft:white_wool":7,"minecraft:cobblestone":89},"minecraft:killed_by":{"minecraft:skeleton":8,"minecraft:creeper":1,"minecraft:spider":2,"minecraft:zombie":1},"minecraft:custom":{"minecraft:mob_kills":16,"minecraft:interact_with_crafting_table":4,"minecraft:leave_game":2,"minecraft:time_since_death":18092,"minecraft:sleep_in_bed":1,"minecraft:time_since_rest":4431,"minecraft:sprint_one_cm":71951,"minecraft:damage_taken":3880,"minecraft:walk_one_cm":80636,"minecraft:drop":19,"minecraft:damage_dealt":1775,"minecraft:fly_one_cm":107993,"minecraft:crouch_one_cm":6759,"minecraft:play_time":41549,"minecraft:deaths":14,"minecraft:sneak_time":3050,"minecraft:jump":669,"minecraft:total_world_time":41549,"minecraft:fall_one_cm":22948},"minecraft:mined":{"biomesoplenty:jacaranda_leaves":2,"minecraft:white_bed":1,"minecraft:crafting_table":2,"minecraft:short_grass":8,"minecraft:grass_block":2,"biomesoplenty:flowering_oak_leaves":1,"minecraft:tall_grass":1,"biomesoplenty:jacaranda_log":9,"minecraft:iron_ore":16,"biomesoplenty:lavender":6,"minecraft:oak_log":40,"minecraft:coal_ore":25,"biomesoplenty:barley":17,"minecraft:stone":43,"minecraft:oak_leaves":16},"minecraft:killed":{"minecraft:pig":1,"minecraft:spider":2,"minecraft:sheep":7,"minecraft:skeleton":2,"minecraft:cow":3},"minecraft:used":{"minecraft:stone_sword":32,"minecraft:stone_pickaxe":66,"minecraft:stone_shovel":2,"minecraft:wooden_pickaxe":18,"biomesoplenty:lavender":2,"minecraft:torch":1,"minecraft:dirt":1,"minecraft:crafting_table":2,"minecraft:white_bed":1,"minecraft:oak_log":3,"biomesoplenty:jacaranda_log":4,"minecraft:stone_axe":64}},"DataVersion":3955}