{"stats":{"minecraft:dropped":{"minecraft:spider_eye":1,"minecraft:wooden_pickaxe":2,"minecraft:string":2,"minecraft:bone":2,"minecraft:stick":2},"minecraft:crafted":{"minecraft:oak_planks":8,"minecraft:stone_shovel":1,"biomesoplenty:jacaranda_planks":8,"minecraft:crafting_table":1,"minecraft:stick":12,"minecraft:wooden_pickaxe":1,"minecraft:stone_pickaxe":1,"minecraft:stone_sword":1,"minecraft:stone_axe":1},"minecraft:picked_up":{"biomesoplenty:lavender":2,"minecraft:stick":2,"minecraft:crafting_table":1,"minecraft:wooden_pickaxe":1,"minecraft:oak_log":25,"minecraft:string":2,"minecraft:spider_eye":1,"minecraft:dirt":1,"minecraft:bone":2,"biomesoplenty:jacaranda_log":9,"minecraft:cobblestone":18},"minecraft:killed_by":{"minecraft:skeleton":1,"minecraft:spider":1,"minecraft:zombie":1},"minecraft:mined":{"biomesoplenty:jacaranda_leaves":2,"biomesoplenty:jacaranda_log":9,"biomesoplenty:lavender":2,"minecraft:crafting_table":1,"minecraft:short_grass":1,"minecraft:grass_block":1,"minecraft:oak_log":29,"biomesoplenty:flowering_oak_leaves":1,"biomesoplenty:barley":3,"minecraft:stone":18,"minecraft:oak_leaves":16},"minecraft:custom":{"minecraft:time_since_rest":10699,"minecraft:sprint_one_cm":8981,"minecraft:damage_taken":1050,"minecraft:walk_one_cm":23270,"minecraft:mob_kills":2,"minecraft:drop":8,"minecraft:damage_dealt":220,"minecraft:fly_one_cm":16632,"minecraft:interact_with_crafting_table":3,"minecraft:play_time":15393,"minecraft:crouch_one_cm":3174,"minecraft:deaths":4,"minecraft:sneak_time":1494,"minecraft:jump":136,"minecraft:leave_game":1,"minecraft:time_since_death":10670,"minecraft:total_world_time":15393,"minecraft:fall_one_cm":1732},"minecraft:killed":{"minecraft:spider":1},"minecraft:used":{"minecraft:oak_log":3,"minecraft:wooden_pickaxe":18,"biomesoplenty:lavender":1,"biomesoplenty:jacaranda_log":4,"minecraft:stone_axe":34,"minecraft:dirt":1,"minecraft:crafting_table":1}},"DataVersion":3955}