{"stats":{"minecraft:dropped":{"biomesoplenty:lavender":3,"minecraft:spider_eye":1,"minecraft:wooden_pickaxe":2,"minecraft:string":2,"biomesoplenty:tall_lavender":1,"minecraft:bone":4,"minecraft:stick":2},"minecraft:crafted":{"minecraft:oak_planks":8,"minecraft:stone_shovel":1,"biomesoplenty:jacaranda_planks":8,"minecraft:crafting_table":1,"minecraft:stick":12,"minecraft:wooden_pickaxe":1,"minecraft:stone_pickaxe":1,"minecraft:stone_sword":1,"minecraft:torch":8,"minecraft:stone_axe":1},"minecraft:picked_up":{"minecraft:raw_iron":3,"biomesoplenty:lavender":7,"minecraft:stick":14,"minecraft:crafting_table":5,"minecraft:torch":7,"minecraft:wooden_pickaxe":1,"minecraft:oak_log":176,"biomesoplenty:jacaranda_planks":9,"minecraft:string":5,"minecraft:spider_eye":1,"minecraft:dirt":1,"minecraft:stone_sword":2,"biomesoplenty:tall_lavender":1,"minecraft:arrow":8,"minecraft:bone":4,"minecraft:stone_shovel":4,"biomesoplenty:jacaranda_log":21,"minecraft:stone_axe":4,"minecraft:stone_pickaxe":4,"minecraft:coal":31,"minecraft:cobblestone":84},"minecraft:killed_by":{"minecraft:skeleton":8,"minecraft:creeper":1,"minecraft:spider":2,"minecraft:zombie":1},"minecraft:mined":{"biomesoplenty:jacaranda_leaves":2,"biomesoplenty:jacaranda_log":9,"minecraft:iron_ore":3,"biomesoplenty:lavender":2,"minecraft:crafting_table":1,"minecraft:coal_ore":11,"minecraft:short_grass":1,"minecraft:grass_block":1,"minecraft:oak_log":40,"biomesoplenty:flowering_oak_leaves":1,"biomesoplenty:barley":3,"minecraft:stone":38,"minecraft:oak_leaves":16},"minecraft:custom":{"minecraft:time_since_rest":3961,"minecraft:sprint_one_cm":47342,"minecraft:damage_taken":3860,"minecraft:walk_one_cm":52563,"minecraft:mob_kills":5,"minecraft:drop":14,"minecraft:damage_dealt":815,"minecraft:fly_one_cm":69513,"minecraft:interact_with_crafting_table":3,"minecraft:play_time":27393,"minecraft:crouch_one_cm":5136,"minecraft:deaths":14,"minecraft:sneak_time":2297,"minecraft:jump":388,"minecraft:leave_game":1,"minecraft:time_since_death":3936,"minecraft:total_world_time":27393,"minecraft:fall_one_cm":15564},"minecraft:killed":{"minecraft:skeleton":2,"minecraft:spider":2},"minecraft:used":{"minecraft:oak_log":3,"minecraft:stone_sword":7,"minecraft:stone_pickaxe":34,"minecraft:wooden_pickaxe":18,"biomesoplenty:lavender":2,"biomesoplenty:jacaranda_log":4,"minecraft:torch":1,"minecraft:stone_axe":47,"minecraft:dirt":1,"minecraft:crafting_table":1}},"DataVersion":3955}