{"stats":{"minecraft:killed_by":{"minecraft:skeleton":8,"minecraft:creeper":1,"minecraft:spider":2,"minecraft:zombie":5},"minecraft:mined":{"biomesoplenty:jacaranda_leaves":2,"minecraft:white_bed":3,"minecraft:crafting_table":5,"minecraft:torch":1,"minecraft:short_grass":16,"minecraft:grass_block":3,"minecraft:dead_bush":1,"biomesoplenty:flowering_oak_leaves":1,"minecraft:cobblestone":7,"minecraft:tall_grass":2,"biomesoplenty:jacaranda_log":9,"minecraft:furnace":1,"minecraft:iron_ore":16,"biomesoplenty:lavender":6,"minecraft:oak_log":55,"minecraft:coal_ore":25,"minecraft:stripped_oak_log":1,"biomesoplenty:barley":34,"minecraft:stone":43,"minecraft:oak_leaves":16},"minecraft:crafted":{"minecraft:cooked_beef":7,"minecraft:oak_planks":12,"minecraft:stone_shovel":1,"biomesoplenty:jacaranda_planks":16,"minecraft:cooked_porkchop":3,"biomesoplenty:jacaranda_boat":1,"minecraft:crafting_table":1,"minecraft:wooden_pickaxe":1,"minecraft:furnace":1,"minecraft:stone_axe":1,"minecraft:cooked_mutton":12,"minecraft:air":0,"minecraft:stick":20,"minecraft:stone_pickaxe":1,"minecraft:stone_sword":2,"minecraft:white_bed":1,"minecraft:torch":12},"minecraft:killed":{"minecraft:pig":2,"minecraft:spider":2,"minecraft:sheep":7,"minecraft:skeleton":2,"minecraft:zombie":1,"minecraft:cow":3},"minecraft:dropped":{"minecraft:wheat_seeds":1,"biomesoplenty:lavender":13,"minecraft:stick":2,"minecraft:spider_eye":1,"minecraft:wooden_pickaxe":2,"minecraft:string":2,"biomesoplenty:tall_lavender":1,"minecraft:bone":4},"minecraft:used":{"minecraft:cooked_mutton":3,"minecraft:stone_sword":156,"minecraft:stone_pickaxe":77,"minecraft:stone_shovel":2,"minecraft:wooden_pickaxe":18,"biomesoplenty:lavender":2,"minecraft:torch":2,"minecraft:dirt":2,"minecraft:crafting_table":5,"minecraft:white_bed":3,"minecraft:oak_log":3,"biomesoplenty:jacaranda_boat":1,"biomesoplenty:jacaranda_log":4,"minecraft:stone_axe":96,"minecraft:cobblestone":12,"minecraft:furnace":1,"minecraft:cooked_porkchop":2},"minecraft:picked_up":{"minecraft:stripped_oak_log":1,"biomesoplenty:lavender":17,"minecraft:crafting_table":10,"minecraft:cooked_beef":7,"minecraft:leather":8,"minecraft:wooden_pickaxe":1,"minecraft:oak_log":241,"minecraft:golden_boots":1,"biomesoplenty:jacaranda_planks":9,"minecraft:netherite_leggings":1,"minecraft:dirt":5,"minecraft:string":7,"minecraft:cooked_mutton":9,"biomesoplenty:tall_lavender":1,"minecraft:bone":4,"minecraft:wheat_seeds":10,"minecraft:beef":7,"minecraft:stone_pickaxe":5,"minecraft:egg":1,"minecraft:furnace":2,"minecraft:stick":24,"minecraft:raw_iron":32,"minecraft:cooked_porkchop":3,"minecraft:torch":19,"minecraft:fire_charge":2,"minecraft:porkchop":5,"minecraft:white_bed":3,"minecraft:spider_eye":1,"minecraft:stone_sword":3,"minecraft:arrow":11,"minecraft:stone_shovel":5,"biomesoplenty:jacaranda_log":24,"minecraft:stone_axe":5,"minecraft:netherite_helmet":1,"minecraft:netherite_hoe":1,"minecraft:mutton":12,"minecraft:coal":81,"minecraft:white_wool":15,"minecraft:cobblestone":118},"minecraft:broken":{"minecraft:stone_sword":1},"minecraft:custom":{"minecraft:interact_with_furnace":12,"minecraft:mob_kills":18,"minecraft:interact_with_crafting_table":9,"minecraft:leave_game":2,"minecraft:time_since_death":11137,"minecraft:sleep_in_bed":3,"minecraft:time_since_rest":6815,"minecraft:sprint_one_cm":116170,"minecraft:damage_taken":5566,"minecraft:walk_one_cm":106986,"minecraft:drop":19,"minecraft:damage_dealt":2933,"minecraft:fly_one_cm":190945,"minecraft:open_chest":1,"minecraft:crouch_one_cm":8454,"minecraft:play_time":63677,"minecraft:deaths":19,"minecraft:sneak_time":5264,"minecraft:boat_one_cm":41566,"minecraft:jump":991,"minecraft:total_world_time":63677,"minecraft:fall_one_cm":39487}},"DataVersion":3955}