{"stats":{"minecraft:killed_by":{"minecraft:skeleton":8,"minecraft:creeper":1,"minecraft:spider":2,"minecraft:zombie":3},"minecraft:mined":{"biomesoplenty:jacaranda_leaves":2,"minecraft:white_bed":2,"minecraft:crafting_table":3,"minecraft:torch":1,"minecraft:short_grass":12,"minecraft:grass_block":2,"minecraft:dead_bush":1,"biomesoplenty:flowering_oak_leaves":1,"minecraft:cobblestone":1,"minecraft:tall_grass":1,"biomesoplenty:jacaranda_log":9,"minecraft:furnace":1,"minecraft:iron_ore":16,"biomesoplenty:lavender":6,"minecraft:oak_log":55,"minecraft:coal_ore":25,"minecraft:stripped_oak_log":1,"biomesoplenty:barley":19,"minecraft:stone":43,"minecraft:oak_leaves":16},"minecraft:crafted":{"minecraft:cooked_beef":7,"minecraft:oak_planks":12,"minecraft:stone_shovel":1,"biomesoplenty:jacaranda_planks":8,"minecraft:cooked_porkchop":3,"minecraft:crafting_table":1,"minecraft:wooden_pickaxe":1,"minecraft:furnace":1,"minecraft:stone_axe":1,"minecraft:cooked_mutton":12,"minecraft:air":0,"minecraft:stick":20,"minecraft:stone_pickaxe":1,"minecraft:stone_sword":1,"minecraft:white_bed":1,"minecraft:torch":12},"minecraft:killed":{"minecraft:pig":1,"minecraft:spider":2,"minecraft:sheep":7,"minecraft:skeleton":2,"minecraft:cow":3},"minecraft:dropped":{"minecraft:wheat_seeds":1,"biomesoplenty:lavender":13,"minecraft:stick":2,"minecraft:spider_eye":1,"minecraft:wooden_pickaxe":2,"minecraft:string":2,"biomesoplenty:tall_lavender":1,"minecraft:bone":4},"minecraft:used":{"minecraft:cooked_mutton":3,"minecraft:stone_sword":51,"minecraft:stone_pickaxe":68,"minecraft:stone_shovel":2,"minecraft:wooden_pickaxe":18,"biomesoplenty:lavender":2,"minecraft:torch":2,"minecraft:dirt":1,"minecraft:crafting_table":3,"minecraft:white_bed":3,"minecraft:oak_log":3,"biomesoplenty:jacaranda_log":4,"minecraft:stone_axe":88,"minecraft:cobblestone":5,"minecraft:furnace":1},"minecraft:picked_up":{"minecraft:stripped_oak_log":1,"biomesoplenty:lavender":17,"minecraft:crafting_table":7,"minecraft:leather":4,"minecraft:wooden_pickaxe":1,"minecraft:oak_log":191,"biomesoplenty:jacaranda_planks":9,"minecraft:dirt":4,"minecraft:string":6,"biomesoplenty:tall_lavender":1,"minecraft:bone":4,"minecraft:wheat_seeds":7,"minecraft:beef":7,"minecraft:stone_pickaxe":4,"minecraft:egg":1,"minecraft:furnace":1,"minecraft:stick":15,"minecraft:raw_iron":16,"minecraft:torch":8,"minecraft:porkchop":3,"minecraft:white_bed":2,"minecraft:spider_eye":1,"minecraft:stone_sword":2,"minecraft:arrow":8,"minecraft:stone_shovel":4,"biomesoplenty:jacaranda_log":21,"minecraft:stone_axe":4,"minecraft:mutton":12,"minecraft:coal":63,"minecraft:white_wool":11,"minecraft:cobblestone":90},"minecraft:custom":{"minecraft:interact_with_furnace":12,"minecraft:mob_kills":16,"minecraft:interact_with_crafting_table":6,"minecraft:leave_game":2,"minecraft:time_since_death":666,"minecraft:sleep_in_bed":2,"minecraft:time_since_rest":700,"minecraft:sprint_one_cm":88991,"minecraft:damage_taken":4710,"minecraft:walk_one_cm":92778,"minecraft:drop":19,"minecraft:damage_dealt":1945,"minecraft:fly_one_cm":140716,"minecraft:crouch_one_cm":8014,"minecraft:play_time":51677,"minecraft:deaths":16,"minecraft:sneak_time":3712,"minecraft:jump":795,"minecraft:total_world_time":51677,"minecraft:fall_one_cm":28103}},"DataVersion":3955}