{"stats":{"minecraft:dropped":{"minecraft:string":2,"minecraft:spider_eye":1},"minecraft:picked_up":{"minecraft:spider_eye":1,"minecraft:string":2},"minecraft:killed_by":{"minecraft:zombie":1,"minecraft:skeleton":1,"minecraft:spider":1},"minecraft:mined":{"biomesoplenty:barley":2},"minecraft:custom":{"minecraft:jump":50,"minecraft:damage_taken":855,"minecraft:time_since_rest":1069,"minecraft:leave_game":1,"minecraft:play_time":3393,"minecraft:sprint_one_cm":3606,"minecraft:time_since_death":0,"minecraft:walk_one_cm":8561,"minecraft:deaths":3,"minecraft:total_world_time":3393,"minecraft:mob_kills":1,"minecraft:fly_one_cm":8581,"minecraft:fall_one_cm":478,"minecraft:drop":2,"minecraft:damage_dealt":170},"minecraft:killed":{"minecraft:spider":1}},"DataVersion":3955}